{
    "name": "root",
    "gauges": {
        "CarAgent.Policy.Entropy.mean": {
            "value": 1.2419170141220093,
            "min": 1.2419170141220093,
            "max": 1.4237067699432373,
            "count": 400
        },
        "CarAgent.Policy.Entropy.sum": {
            "value": 12463.87890625,
            "min": 12344.732421875,
            "max": 14292.13671875,
            "count": 400
        },
        "CarAgent.Step.mean": {
            "value": 3999973.0,
            "min": 9992.0,
            "max": 3999973.0,
            "count": 400
        },
        "CarAgent.Step.sum": {
            "value": 3999973.0,
            "min": 9992.0,
            "max": 3999973.0,
            "count": 400
        },
        "CarAgent.Policy.ExtrinsicValueEstimate.mean": {
            "value": 5.823616981506348,
            "min": -1.5554018020629883,
            "max": 6.09927225112915,
            "count": 400
        },
        "CarAgent.Policy.ExtrinsicValueEstimate.sum": {
            "value": 978.3676147460938,
            "min": -245.75347900390625,
            "max": 1007.9769287109375,
            "count": 400
        },
        "CarAgent.Environment.EpisodeLength.mean": {
            "value": 440.9130434782609,
            "min": 427.9130434782609,
            "max": 4999.0,
            "count": 400
        },
        "CarAgent.Environment.EpisodeLength.sum": {
            "value": 10141.0,
            "min": 6801.0,
            "max": 12736.0,
            "count": 400
        },
        "CarAgent.Environment.CumulativeReward.mean": {
            "value": 32.443882711555645,
            "min": -193.47913124784827,
            "max": 53.27909328043461,
            "count": 400
        },
        "CarAgent.Environment.CumulativeReward.sum": {
            "value": 746.2093023657799,
            "min": -386.95826249569654,
            "max": 773.3612245321274,
            "count": 400
        },
        "CarAgent.Policy.ExtrinsicReward.mean": {
            "value": 32.443882711555645,
            "min": -193.47913124784827,
            "max": 53.27909328043461,
            "count": 400
        },
        "CarAgent.Policy.ExtrinsicReward.sum": {
            "value": 746.2093023657799,
            "min": -386.95826249569654,
            "max": 773.3612245321274,
            "count": 400
        },
        "CarAgent.IsTraining.mean": {
            "value": 1.0,
            "min": 1.0,
            "max": 1.0,
            "count": 400
        },
        "CarAgent.IsTraining.sum": {
            "value": 1.0,
            "min": 1.0,
            "max": 1.0,
            "count": 400
        },
        "CarAgent.Losses.PolicyLoss.mean": {
            "value": 0.02057863355924686,
            "min": 0.014645819664777567,
            "max": 0.032536107767373326,
            "count": 389
        },
        "CarAgent.Losses.PolicyLoss.sum": {
            "value": 0.02057863355924686,
            "min": 0.014645819664777567,
            "max": 0.032536107767373326,
            "count": 389
        },
        "CarAgent.Losses.ValueLoss.mean": {
            "value": 0.01904797749593854,
            "min": 0.01212397264316678,
            "max": 0.12080242509643237,
            "count": 389
        },
        "CarAgent.Losses.ValueLoss.sum": {
            "value": 0.01904797749593854,
            "min": 0.01212397264316678,
            "max": 0.12080242509643237,
            "count": 389
        },
        "CarAgent.Policy.LearningRate.mean": {
            "value": 2.823999058999909e-07,
            "min": 2.823999058999909e-07,
            "max": 0.0002992308002564001,
            "count": 389
        },
        "CarAgent.Policy.LearningRate.sum": {
            "value": 2.823999058999909e-07,
            "min": 2.823999058999909e-07,
            "max": 0.0002992308002564001,
            "count": 389
        },
        "CarAgent.Policy.Epsilon.mean": {
            "value": 0.10009410000000003,
            "min": 0.10009410000000003,
            "max": 0.19974359999999997,
            "count": 389
        },
        "CarAgent.Policy.Epsilon.sum": {
            "value": 0.10009410000000003,
            "min": 0.10009410000000003,
            "max": 0.19974359999999997,
            "count": 389
        },
        "CarAgent.Policy.Beta.mean": {
            "value": 1.4695589999999854e-05,
            "min": 1.4695589999999854e-05,
            "max": 0.00498720564,
            "count": 389
        },
        "CarAgent.Policy.Beta.sum": {
            "value": 1.4695589999999854e-05,
            "min": 1.4695589999999854e-05,
            "max": 0.00498720564,
            "count": 389
        }
    },
    "metadata": {
        "timer_format_version": "0.1.0",
        "start_time_seconds": "1745547596",
        "python_version": "3.10.12 | packaged by Anaconda, Inc. | (main, Jul  5 2023, 19:01:18) [MSC v.1916 64 bit (AMD64)]",
        "command_line_arguments": "C:\\Users\\Uday Patel\\miniconda3\\envs\\mlagents\\Scripts\\mlagents-learn CarConfigs\\car_config.yaml --run-id=test34",
        "mlagents_version": "1.1.0",
        "mlagents_envs_version": "1.1.0",
        "communication_protocol_version": "1.5.0",
        "pytorch_version": "2.2.2+cpu",
        "numpy_version": "1.23.5",
        "end_time_seconds": "1745563034"
    },
    "total": 15437.629080999992,
    "count": 1,
    "self": 0.036322299973107874,
    "children": {
        "run_training.setup": {
            "total": 0.133169300010195,
            "count": 1,
            "self": 0.133169300010195
        },
        "TrainerController.start_learning": {
            "total": 15437.459589400009,
            "count": 1,
            "self": 56.292289256700315,
            "children": {
                "TrainerController._reset_env": {
                    "total": 10.863672100007534,
                    "count": 1,
                    "self": 10.863672100007534
                },
                "TrainerController.advance": {
                    "total": 15370.232826343301,
                    "count": 4000037,
                    "self": 56.90724633980426,
                    "children": {
                        "env_step": {
                            "total": 13991.176204823889,
                            "count": 4000037,
                            "self": 9941.819333822845,
                            "children": {
                                "SubprocessEnvManager._take_step": {
                                    "total": 4008.907450107392,
                                    "count": 4000037,
                                    "self": 148.20282377736294,
                                    "children": {
                                        "TorchPolicy.evaluate": {
                                            "total": 3860.704626330029,
                                            "count": 4000037,
                                            "self": 3860.704626330029
                                        }
                                    }
                                },
                                "workers": {
                                    "total": 40.44942089365213,
                                    "count": 4000037,
                                    "self": 0.0,
                                    "children": {
                                        "worker_root": {
                                            "total": 15367.782806133939,
                                            "count": 4000037,
                                            "is_parallel": true,
                                            "self": 7928.45826103774,
                                            "children": {
                                                "steps_from_proto": {
                                                    "total": 0.00038219999987632036,
                                                    "count": 1,