{
    "name": "root",
    "gauges": {
        "CarAgent.Policy.Entropy.mean": {
            "value": 1.3205888271331787,
            "min": 1.3205888271331787,
            "max": 1.3784035444259644,
            "count": 266
        },
        "CarAgent.Policy.Entropy.sum": {
            "value": 13252.1083984375,
            "min": 3087.6240234375,
            "max": 13889.0244140625,
            "count": 266
        },
        "CarAgent.Step.mean": {
            "value": 3599937.0,
            "min": 949977.0,
            "max": 3599937.0,
            "count": 266
        },
        "CarAgent.Step.sum": {
            "value": 3599937.0,
            "min": 949977.0,
            "max": 3599937.0,
            "count": 266
        },
        "CarAgent.Policy.ExtrinsicValueEstimate.mean": {
            "value": 5.822676658630371,
            "min": 4.483287811279297,
            "max": 6.438300609588623,
            "count": 266
        },
        "CarAgent.Policy.ExtrinsicValueEstimate.sum": {
            "value": 949.0963134765625,
            "min": 153.96446228027344,
            "max": 1044.1590576171875,
            "count": 266
        },
        "CarAgent.Environment.EpisodeLength.mean": {
            "value": 893.9166666666666,
            "min": 217.2941176470588,
            "max": 5556.75,
            "count": 266
        },
        "CarAgent.Environment.EpisodeLength.sum": {
            "value": 10727.0,
            "min": 368.0,
            "max": 24718.0,
            "count": 266
        },
        "CarAgent.Environment.CumulativeReward.mean": {
            "value": 53.7147052915146,
            "min": -13.068933006376028,
            "max": 305.78811743855476,
            "count": 266
        },
        "CarAgent.Environment.CumulativeReward.sum": {
            "value": 644.5764634981751,
            "min": -52.27573202550411,
            "max": 1565.9508769884706,
            "count": 266
        },
        "CarAgent.Policy.ExtrinsicReward.mean": {
            "value": 53.7147052915146,
            "min": -13.068933006376028,
            "max": 305.78811743855476,
            "count": 266
        },
        "CarAgent.Policy.ExtrinsicReward.sum": {
            "value": 644.5764634981751,
            "min": -52.27573202550411,
            "max": 1565.9508769884706,
            "count": 266
        },
        "CarAgent.IsTraining.mean": {
            "value": 1.0,
            "min": 1.0,
            "max": 1.0,
            "count": 266
        },
        "CarAgent.IsTraining.sum": {
            "value": 1.0,
            "min": 1.0,
            "max": 1.0,
            "count": 266
        },
        "CarAgent.Losses.PolicyLoss.mean": {
            "value": 0.02277357375714928,
            "min": 0.015116524948583294,
            "max": 0.035792940917114414,
            "count": 258
        },
        "CarAgent.Losses.PolicyLoss.sum": {
            "value": 0.02277357375714928,
            "min": 0.015116524948583294,
            "max": 0.035792940917114414,
            "count": 258
        },
        "CarAgent.Losses.ValueLoss.mean": {
            "value": 0.08488047768672308,
            "min": 0.033736578685541946,
            "max": 0.39188962082068124,
            "count": 258
        },
        "CarAgent.Losses.ValueLoss.sum": {
            "value": 0.08488047768672308,
            "min": 0.033736578685541946,
            "max": 0.39188962082068124,
            "count": 258
        },
        "CarAgent.Policy.LearningRate.mean": {
            "value": 0.00012011495996170004,
            "min": 0.00012011495996170004,
            "max": 0.0002520934159688665,
            "count": 258
        },
        "CarAgent.Policy.LearningRate.sum": {
            "value": 0.00012011495996170004,
            "min": 0.00012011495996170004,
            "max": 0.0002520934159688665,
            "count": 258
        },
        "CarAgent.Policy.Epsilon.mean": {
            "value": 0.1400383,
            "min": 0.1400383,
            "max": 0.18403113333333343,
            "count": 258
        },
        "CarAgent.Policy.Epsilon.sum": {
            "value": 0.1400383,
            "min": 0.1400383,
            "max": 0.18403113333333343,
            "count": 258
        },
        "CarAgent.Policy.Beta.mean": {
            "value": 0.0020079111700000004,
            "min": 0.0020079111700000004,
            "max": 0.004203153553333334,
            "count": 258
        },
        "CarAgent.Policy.Beta.sum": {
            "value": 0.0020079111700000004,
            "min": 0.0020079111700000004,
            "max": 0.004203153553333334,
            "count": 258
        }
    },
    "metadata": {
        "timer_format_version": "0.1.0",
        "start_time_seconds": "1747481575",
        "python_version": "3.10.12 | packaged by Anaconda, Inc. | (main, Jul  5 2023, 19:01:18) [MSC v.1916 64 bit (AMD64)]",
        "command_line_arguments": "C:\\Users\\Uday Patel\\miniconda3\\envs\\mlagents\\Scripts\\mlagents-learn CarConfigs\\car_config.yaml --run-id=test40 --resume",
        "mlagents_version": "1.1.0",
        "mlagents_envs_version": "1.1.0",
        "communication_protocol_version": "1.5.0",
        "pytorch_version": "2.2.2+cpu",
        "numpy_version": "1.23.5",
        "end_time_seconds": "1747485149"
    },
    "total": 3574.243704200024,
    "count": 1,
    "self": 0.007980899885296822,
    "children": {
        "run_training.setup": {
            "total": 0.10358370002359152,
            "count": 1,
            "self": 0.10358370002359152
        },
        "TrainerController.start_learning": {
            "total": 3574.132139600115,
            "count": 1,
            "self": 9.668632933171466,
            "children": {
                "TrainerController._reset_env": {
                    "total": 10.076906400034204,
                    "count": 1,
                    "self": 10.076906400034204
                },
                "TrainerController.advance": {
                    "total": 3554.299034466967,
                    "count": 530467,
                    "self": 9.095170808024704,
                    "children": {
                        "env_step": {
                            "total": 2662.976193897892,
                            "count": 530467,
                            "self": 1981.944109030068,
                            "children": {
                                "SubprocessEnvManager._take_step": {
                                    "total": 674.2869879403152,
                                    "count": 530467,
                                    "self": 24.941104855621234,
                                    "children": {
                                        "TorchPolicy.evaluate": {
                                            "total": 649.3458830846939,
                                            "count": 530467,
                                            "self": 649.3458830846939
                                        }
                                    }
                                },
                                "workers": {
                                    "total": 6.745096927508712,
                                    "count": 530466,
                                    "self": 0.0,
                                    "children": {
                                        "worker_root": {
                                            "total": 3491.2817419942003,
                                            "count": 530466,
                                            "is_parallel": true,
                                            "self": 2071.8747690413147,
                                            "children": {
                                                "steps_from_proto": {
                                                    "total": 0.00048439996317029,
                                                    "count": 1,
                                                    "is_parallel": true,