{
    "name": "root",
    "gauges": {
        "CarAgent.Policy.Entropy.mean": {
            "value": 1.3209764957427979,
            "min": 1.320227026939392,
            "max": 1.3209764957427979,
            "count": 7
        },
        "CarAgent.Policy.Entropy.sum": {
            "value": 13196.5546875,
            "min": 13037.2421875,
            "max": 13407.755859375,
            "count": 7
        },
        "CarAgent.Step.mean": {
            "value": 3669986.0,
            "min": 3609995.0,
            "max": 3669986.0,
            "count": 7
        },
        "CarAgent.Step.sum": {
            "value": 3669986.0,
            "min": 3609995.0,
            "max": 3669986.0,
            "count": 7
        },
        "CarAgent.Policy.ExtrinsicValueEstimate.mean": {
            "value": 5.798568248748779,
            "min": 5.109194278717041,
            "max": 5.9923319816589355,
            "count": 7
        },
        "CarAgent.Policy.ExtrinsicValueEstimate.sum": {
            "value": 921.9723510742188,
            "min": 837.9078369140625,
            "max": 962.531982421875,
            "count": 7
        },
        "CarAgent.Environment.EpisodeLength.mean": {
            "value": 1225.3333333333333,
            "min": 221.16666666666666,
            "max": 1419.6363636363637,
            "count": 7
        },
        "CarAgent.Environment.EpisodeLength.sum": {
            "value": 7352.0,
            "min": 1327.0,
            "max": 15616.0,
            "count": 7
        },
        "CarAgent.Environment.CumulativeReward.mean": {
            "value": 74.57587375243504,
            "min": 14.483906944592794,
            "max": 90.19121831655502,
            "count": 7
        },
        "CarAgent.Environment.CumulativeReward.sum": {
            "value": 447.4552425146103,
            "min": 86.90344166755676,
            "max": 992.1034014821053,
            "count": 7
        },
        "CarAgent.Policy.ExtrinsicReward.mean": {
            "value": 74.57587375243504,
            "min": 14.483906944592794,
            "max": 90.19121831655502,
            "count": 7
        },
        "CarAgent.Policy.ExtrinsicReward.sum": {
            "value": 447.4552425146103,
            "min": 86.90344166755676,
            "max": 992.1034014821053,
            "count": 7
        },
        "CarAgent.IsTraining.mean": {
            "value": 1.0,
            "min": 1.0,
            "max": 1.0,
            "count": 7
        },
        "CarAgent.IsTraining.sum": {
            "value": 1.0,
            "min": 1.0,
            "max": 1.0,
            "count": 7
        },
        "CarAgent.Losses.PolicyLoss.mean": {
            "value": 0.017709051712881774,
            "min": 0.017709051712881774,
            "max": 0.026573603126841285,
            "count": 6
        },
        "CarAgent.Losses.PolicyLoss.sum": {
            "value": 0.017709051712881774,
            "min": 0.017709051712881774,
            "max": 0.026573603126841285,
            "count": 6
        },
        "CarAgent.Losses.ValueLoss.mean": {
            "value": 0.2707491979002953,
            "min": 0.09523347467184066,
            "max": 0.2707491979002953,
            "count": 6
        },
        "CarAgent.Losses.ValueLoss.sum": {
            "value": 0.2707491979002953,
            "min": 0.09523347467184066,
            "max": 0.2707491979002953,
            "count": 6
        },
        "CarAgent.Policy.LearningRate.mean": {
            "value": 0.00011690926103026664,
            "min": 0.00011690926103026664,
            "max": 0.00011947751017418336,
            "count": 6
        },
        "CarAgent.Policy.LearningRate.sum": {
            "value": 0.00011690926103026664,
            "min": 0.00011690926103026664,
            "max": 0.00011947751017418336,
            "count": 6
        },
        "CarAgent.Policy.Epsilon.mean": {
            "value": 0.13896973333333337,
            "min": 0.13896973333333337,
            "max": 0.1398258166666667,
            "count": 6
        },
        "CarAgent.Policy.Epsilon.sum": {
            "value": 0.13896973333333337,
            "min": 0.13896973333333337,
            "max": 0.1398258166666667,
            "count": 6
        },
        "CarAgent.Policy.Beta.mean": {
            "value": 0.001954589693333334,
            "min": 0.001954589693333334,
            "max": 0.0019973082516666677,
            "count": 6
        },
        "CarAgent.Policy.Beta.sum": {
            "value": 0.001954589693333334,
            "min": 0.001954589693333334,
            "max": 0.0019973082516666677,
            "count": 6
        }
    },
    "metadata": {
        "timer_format_version": "0.1.0",
        "start_time_seconds": "1747857047",
        "python_version": "3.10.12 | packaged by Anaconda, Inc. | (main, Jul  5 2023, 19:01:18) [MSC v.1916 64 bit (AMD64)]",
        "command_line_arguments": "C:\\Users\\Uday Patel\\miniconda3\\envs\\mlagents\\Scripts\\mlagents-learn CarConfigs\\car_config.yaml --run-id=test40 --resume",
        "mlagents_version": "1.1.0",
        "mlagents_envs_version": "1.1.0",
        "communication_protocol_version": "1.5.0",
        "pytorch_version": "2.2.2+cpu",
        "numpy_version": "1.23.5",
        "end_time_seconds": "1747857187"
    },
    "total": 139.649489500036,
    "count": 1,
    "self": 0.008574600040446967,
    "children": {
        "run_training.setup": {
            "total": 0.10350090003339574,
            "count": 1,
            "self": 0.10350090003339574
        },
        "TrainerController.start_learning": {
            "total": 139.53741399996215,
            "count": 1,
            "self": 0.24446299736155197,
            "children": {
                "TrainerController._reset_env": {
                    "total": 9.961438500031363,
                    "count": 1,
                    "self": 9.961438500031363
                },
                "TrainerController.advance": {
                    "total": 129.11566120252246,
                    "count": 14434,
                    "self": 0.24139210634166375,
                    "children": {
                        "env_step": {
                            "total": 105.25740330095869,
                            "count": 14434,
                            "self": 87.4857210041373,
                            "children": {
                                "SubprocessEnvManager._take_step": {
                                    "total": 17.60209469817346,
                                    "count": 14434,
                                    "self": 0.64941489539342,
                                    "children": {
                                        "TorchPolicy.evaluate": {
                                            "total": 16.95267980278004,
                                            "count": 14434,
                                            "self": 16.95267980278004
                                        }
                                    }
                                },
                                "workers": {
                                    "total": 0.16958759864792228,
                                    "count": 14433,
                                    "self": 0.0,
                                    "children": {
                                        "worker_root": {
                                            "total": 93.29894209868507,
                                            "count": 14433,
                                            "is_parallel": true,
                                            "self": 55.856330101785716,
                                            "children": {
                                                "steps_from_proto": {
                                                    "total": 0.003486500005237758,
                                                    "count": 1,
                                                    "is_parallel": true,