{
    "name": "root",
    "gauges": {
        "CarAgent.Policy.Entropy.mean": {
            "value": 1.513161301612854,
            "min": 1.513161301612854,
            "max": 1.513161301612854,
            "count": 1
        },
        "CarAgent.Policy.Entropy.sum": {
            "value": 3111.0595703125,
            "min": 3111.0595703125,
            "max": 3111.0595703125,
            "count": 1
        },
        "CarAgent.Step.mean": {
            "value": 1579971.0,
            "min": 1579971.0,
            "max": 1579971.0,
            "count": 1
        },
        "CarAgent.Step.sum": {
            "value": 1579971.0,
            "min": 1579971.0,
            "max": 1579971.0,
            "count": 1
        },
        "CarAgent.Policy.ExtrinsicValueEstimate.mean": {
            "value": 0.12210021913051605,
            "min": 0.12210021913051605,
            "max": 0.12210021913051605,
            "count": 1
        },
        "CarAgent.Policy.ExtrinsicValueEstimate.sum": {
            "value": 6.3492112159729,
            "min": 6.3492112159729,
            "max": 6.3492112159729,
            "count": 1
        },
        "CarAgent.Environment.EpisodeLength.mean": {
            "value": 75.61538461538461,
            "min": 75.61538461538461,
            "max": 75.61538461538461,
            "count": 1
        },
        "CarAgent.Environment.EpisodeLength.sum": {
            "value": 1966.0,
            "min": 1966.0,
            "max": 1966.0,
            "count": 1
        },
        "CarAgent.Environment.CumulativeReward.mean": {
            "value": -0.6656724340640582,
            "min": -0.6656724340640582,
            "max": -0.6656724340640582,
            "count": 1
        },
        "CarAgent.Environment.CumulativeReward.sum": {
            "value": -17.307483285665512,
            "min": -17.307483285665512,
            "max": -17.307483285665512,
            "count": 1
        },
        "CarAgent.Policy.ExtrinsicReward.mean": {
            "value": -0.6656724340640582,
            "min": -0.6656724340640582,
            "max": -0.6656724340640582,
            "count": 1
        },
        "CarAgent.Policy.ExtrinsicReward.sum": {
            "value": -17.307483285665512,
            "min": -17.307483285665512,
            "max": -17.307483285665512,
            "count": 1
        },
        "CarAgent.IsTraining.mean": {
            "value": 1.0,
            "min": 1.0,
            "max": 1.0,
            "count": 1
        },
        "CarAgent.IsTraining.sum": {
            "value": 1.0,
            "min": 1.0,
            "max": 1.0,
            "count": 1
        }
    },
    "metadata": {
        "timer_format_version": "0.1.0",
        "start_time_seconds": "1745271005",
        "python_version": "3.10.12 | packaged by Anaconda, Inc. | (main, Jul  5 2023, 19:01:18) [MSC v.1916 64 bit (AMD64)]",
        "command_line_arguments": "C:\\Users\\Uday Patel\\miniconda3\\envs\\mlagents\\Scripts\\mlagents-learn CarConfigs\\car_config.yaml --run-id=test6newrc --resume",
        "mlagents_version": "1.1.0",
        "mlagents_envs_version": "1.1.0",
        "communication_protocol_version": "1.5.0",
        "pytorch_version": "2.2.2+cpu",
        "numpy_version": "1.23.5",
        "end_time_seconds": "1745271060"
    },
    "total": 55.18453120000777,
    "count": 1,
    "self": 0.007254200012539513,
    "children": {
        "run_training.setup": {
            "total": 0.0976444999978412,
            "count": 1,
            "self": 0.0976444999978412
        },
        "TrainerController.start_learning": {
            "total": 55.07963249999739,
            "count": 1,
            "self": 0.11723019940836821,
            "children": {
                "TrainerController._reset_env": {
                    "total": 10.744050699999207,
                    "count": 1,
                    "self": 10.744050699999207
                },
                "TrainerController.advance": {
                    "total": 44.10624040057883,
                    "count": 8151,
                    "self": 0.11263070019776933,
                    "children": {
                        "env_step": {
                            "total": 43.19991529962863,
                            "count": 8151,
                            "self": 34.89293119973445,
                            "children": {
                                "SubprocessEnvManager._take_step": {
                                    "total": 8.225895300056436,
                                    "count": 8151,
                                    "self": 0.3063897999963956,
                                    "children": {
                                        "TorchPolicy.evaluate": {
                                            "total": 7.9195055000600405,
                                            "count": 8151,
                                            "self": 7.9195055000600405
                                        }
                                    }
                                },
                                "workers": {
                                    "total": 0.08108879983774386,
                                    "count": 8150,
                                    "self": 0.0,
                                    "children": {
                                        "worker_root": {
                                            "total": 39.006035699669155,
                                            "count": 8150,
                                            "is_parallel": true,
                                            "self": 15.407711999578169,
                                            "children": {
                                                "steps_from_proto": {
                                                    "total": 0.000414699999964796,
                                                    "count": 1,
                                                    "is_parallel": true,
                                                    "self": 0.00024009998014662415,
                                                    "children": {
                                                        "_process_rank_one_or_two_observation": {
                                                            "total": 0.00017460001981817186,
                                                            "count": 2,
                                                            "is_parallel": true,
                                                            "self": 0.00017460001981817186
                                                        }
                                                    }
                                                },
                                                "UnityEnvironment.step": {
                                                    "total": 23.597909000091022,
                                                    "count": 8150,
                                                    "is_parallel": true,
                                                    "self": 0.42646750062704086,
                                                    "children": {
                                                        "UnityEnvironment._generate_step_input": {
                                                            "total": 0.36326649933471344,
                                                            "count": 8150,
                                                            "is_parallel": true,
                                                            "self": 0.36326649933471344
                                                        },
                                                        "communicator.exchange": {
                                                            "total": 21.504241300193826,
                                                            "count": 8150,
                                                            "is_parallel": true,