{
    "name": "root",
    "metadata": {
        "timer_format_version": "0.1.0",
        "start_time_seconds": "1745333626",
        "python_version": "3.10.12 | packaged by Anaconda, Inc. | (main, Jul  5 2023, 19:01:18) [MSC v.1916 64 bit (AMD64)]",
        "command_line_arguments": "C:\\Users\\Uday Patel\\miniconda3\\envs\\mlagents\\Scripts\\mlagents-learn CarConfigs\\car_config.yaml --run-id=test6newrc --resume",
        "mlagents_version": "1.1.0",
        "mlagents_envs_version": "1.1.0",
        "communication_protocol_version": "1.5.0",
        "pytorch_version": "2.2.2+cpu",
        "numpy_version": "1.23.5",
        "end_time_seconds": "1745333666"
    },
    "total": 40.71817850000002,
    "count": 1,
    "self": 0.0074240999999801716,
    "children": {
        "run_training.setup": {
            "total": 0.09830380000005334,
            "count": 1,
            "self": 0.09830380000005334
        },
        "TrainerController.start_learning": {
            "total": 40.61245059999999,
            "count": 1,
            "self": 0.025450700001442783,
            "children": {
                "TrainerController._reset_env": {
                    "total": 26.297840899999983,
                    "count": 1,
                    "self": 26.297840899999983
                },
                "TrainerController.advance": {
                    "total": 14.178355299998543,
                    "count": 1634,
                    "self": 0.02330719999554276,
                    "children": {
                        "env_step": {
                            "total": 13.991865900003177,
                            "count": 1634,
                            "self": 12.273385600000893,
                            "children": {
                                "SubprocessEnvManager._take_step": {
                                    "total": 1.701514299998962,
                                    "count": 1634,
                                    "self": 0.06236449999630622,
                                    "children": {
                                        "TorchPolicy.evaluate": {
                                            "total": 1.6391498000026559,
                                            "count": 1634,
                                            "self": 1.6391498000026559
                                        }
                                    }
                                },
                                "workers": {
                                    "total": 0.016966000003321824,
                                    "count": 1633,
                                    "self": 0.0,
                                    "children": {
                                        "worker_root": {
                                            "total": 10.528613100000143,
                                            "count": 1633,
                                            "is_parallel": true,
                                            "self": 4.040398000001005,
                                            "children": {
                                                "steps_from_proto": {
                                                    "total": 0.0004327000000330372,
                                                    "count": 1,
                                                    "is_parallel": true,
                                                    "self": 0.00024790000009033974,
                                                    "children": {
                                                        "_process_rank_one_or_two_observation": {
                                                            "total": 0.00018479999994269747,
                                                            "count": 2,
                                                            "is_parallel": true,
                                                            "self": 0.00018479999994269747
                                                        }
                                                    }
                                                },
                                                "UnityEnvironment.step": {
                                                    "total": 6.487782399999105,
                                                    "count": 1633,
                                                    "is_parallel": true,
                                                    "self": 0.09184359999505887,
                                                    "children": {
                                                        "UnityEnvironment._generate_step_input": {
                                                            "total": 0.07636520000107794,
                                                            "count": 1633,
                                                            "is_parallel": true,
                                                            "self": 0.07636520000107794
                                                        },
                                                        "communicator.exchange": {
                                                            "total": 6.03904520000242,
                                                            "count": 1633,
                                                            "is_parallel": true,
                                                            "self": 6.03904520000242
                                                        },
                                                        "steps_from_proto": {
                                                            "total": 0.2805284000005486,
                                                            "count": 1633,
                                                            "is_parallel": true,
                                                            "self": 0.1800691000015604,
                                                            "children": {
                                                                "_process_rank_one_or_two_observation": {
                                                                    "total": 0.10045929999898817,
                                                                    "count": 3266,
                                                                    "is_parallel": true,
                                                                    "self": 0.10045929999898817
                                                                }
                                                            }
                                                        }
                                                    }
                                                }
                                            }
                                        }
                                    }
                                }
                            }
                        },
                        "trainer_advance": {
                            "total": 0.16318219999982375,
                            "count": 1633,
                            "self": 0.025789399999325724,
                            "children": {
                                "process_trajectory": {
                                    "total": 0.13739280000049803,
                                    "count": 1633,
                                    "self": 0.13739280000049803
                                }
                            }
                        }
                    }
                },
                "trainer_threads": {
                    "total": 1.0999999631167157e-06,
                    "count": 1,
                    "self": 1.0999999631167157e-06
                },
                "TrainerController._save_models": {
                    "total": 0.11080260000005637,
                    "count": 1,
                    "self": 0.01206610000008368,