{
    "name": "root",
    "metadata": {
        "timer_format_version": "0.1.0",
        "start_time_seconds": "1745350689",
        "python_version": "3.10.12 | packaged by Anaconda, Inc. | (main, Jul  5 2023, 19:01:18) [MSC v.1916 64 bit (AMD64)]",
        "command_line_arguments": "C:\\Users\\Uday Patel\\miniconda3\\envs\\mlagents\\Scripts\\mlagents-learn CarConfigs\\car_config.yaml --run-id=test10 --resume",
        "mlagents_version": "1.1.0",
        "mlagents_envs_version": "1.1.0",
        "communication_protocol_version": "1.5.0",
        "pytorch_version": "2.2.2+cpu",
        "numpy_version": "1.23.5",
        "end_time_seconds": "1745350731"
    },
    "total": 42.977775599996676,
    "count": 1,
    "self": 0.007181999993917998,
    "children": {
        "run_training.setup": {
            "total": 0.09224960000210558,
            "count": 1,
            "self": 0.09224960000210558
        },
        "TrainerController.start_learning": {
            "total": 42.87834400000065,
            "count": 1,
            "self": 0.04720430009547272,
            "children": {
                "TrainerController._reset_env": {
                    "total": 20.51892880000014,
                    "count": 1,
                    "self": 20.51892880000014
                },
                "TrainerController.advance": {
                    "total": 22.192493299902708,
                    "count": 3167,
                    "self": 0.04458749992409139,
                    "children": {
                        "env_step": {
                            "total": 21.873780699937925,
                            "count": 3167,
                            "self": 18.64061339986074,
                            "children": {
                                "SubprocessEnvManager._take_step": {
                                    "total": 3.2004477001173655,
                                    "count": 3167,
                                    "self": 0.12027310008124914,
                                    "children": {
                                        "TorchPolicy.evaluate": {
                                            "total": 3.0801746000361163,
                                            "count": 3167,
                                            "self": 3.0801746000361163
                                        }
                                    }
                                },
                                "workers": {
                                    "total": 0.03271959995981888,
                                    "count": 3166,
                                    "self": 0.0,
                                    "children": {
                                        "worker_root": {
                                            "total": 17.9988225000925,
                                            "count": 3166,
                                            "is_parallel": true,
                                            "self": 6.640390800097521,
                                            "children": {
                                                "steps_from_proto": {
                                                    "total": 0.00043089999962830916,
                                                    "count": 1,
                                                    "is_parallel": true,
                                                    "self": 0.0002502999996067956,
                                                    "children": {
                                                        "_process_rank_one_or_two_observation": {
                                                            "total": 0.00018060000002151355,
                                                            "count": 2,
                                                            "is_parallel": true,
                                                            "self": 0.00018060000002151355
                                                        }
                                                    }
                                                },
                                                "UnityEnvironment.step": {
                                                    "total": 11.358000799995352,
                                                    "count": 3166,
                                                    "is_parallel": true,
                                                    "self": 0.16983929993511993,
                                                    "children": {
                                                        "UnityEnvironment._generate_step_input": {
                                                            "total": 0.14195469997866894,
                                                            "count": 3166,
                                                            "is_parallel": true,
                                                            "self": 0.14195469997866894
                                                        },
                                                        "communicator.exchange": {
                                                            "total": 10.5215274000293,
                                                            "count": 3166,
                                                            "is_parallel": true,
                                                            "self": 10.5215274000293
                                                        },
                                                        "steps_from_proto": {
                                                            "total": 0.5246794000522641,
                                                            "count": 3166,
                                                            "is_parallel": true,
                                                            "self": 0.34215749998475076,
                                                            "children": {
                                                                "_process_rank_one_or_two_observation": {
                                                                    "total": 0.18252190006751334,
                                                                    "count": 6332,
                                                                    "is_parallel": true,
                                                                    "self": 0.18252190006751334
                                                                }
                                                            }
                                                        }
                                                    }
                                                }
                                            }
                                        }
                                    }
                                }
                            }
                        },
                        "trainer_advance": {
                            "total": 0.2741251000406919,
                            "count": 3166,
                            "self": 0.04930609984876355,
                            "children": {
                                "process_trajectory": {
                                    "total": 0.22481900019192835,
                                    "count": 3166,
                                    "self": 0.22481900019192835
                                }
                            }
                        }
                    }
                },
                "trainer_threads": {
                    "total": 1.1000010999850929e-06,
                    "count": 1,
                    "self": 1.1000010999850929e-06
                },
                "TrainerController._save_models": {
                    "total": 0.1197165000012319,
                    "count": 1,
                    "self": 0.01235850000011851,