{
    "name": "root",
    "gauges": {
        "CarAgent.Policy.Entropy.mean": {
            "value": 1.4098875522613525,
            "min": 1.4095618724822998,
            "max": 1.416739821434021,
            "count": 39
        },
        "CarAgent.Policy.Entropy.sum": {
            "value": 14083.3671875,
            "min": 90.67133331298828,
            "max": 14226.76171875,
            "count": 39
        },
        "CarAgent.IsTraining.mean": {
            "value": 1.0,
            "min": 1.0,
            "max": 1.0,
            "count": 39
        },
        "CarAgent.IsTraining.sum": {
            "value": 1.0,
            "min": 1.0,
            "max": 1.0,
            "count": 39
        },
        "CarAgent.Step.mean": {
            "value": 3879961.0,
            "min": 3509969.0,
            "max": 3879961.0,
            "count": 38
        },
        "CarAgent.Step.sum": {
            "value": 3879961.0,
            "min": 3509969.0,
            "max": 3879961.0,
            "count": 38
        },
        "CarAgent.Policy.ExtrinsicValueEstimate.mean": {
            "value": 0.7798498868942261,
            "min": 0.6942942142486572,
            "max": 0.9482757449150085,
            "count": 38
        },
        "CarAgent.Policy.ExtrinsicValueEstimate.sum": {
            "value": 126.33567810058594,
            "min": 112.50169372558594,
            "max": 151.72412109375,
            "count": 38
        },
        "CarAgent.Environment.EpisodeLength.mean": {
            "value": 1066.2222222222222,
            "min": 735.2142857142857,
            "max": 1066.2222222222222,
            "count": 38
        },
        "CarAgent.Environment.EpisodeLength.sum": {
            "value": 9596.0,
            "min": 8965.0,
            "max": 10869.0,
            "count": 38
        },
        "CarAgent.Environment.CumulativeReward.mean": {
            "value": 9.720445548184216,
            "min": 4.743912409126226,
            "max": 10.465939489006995,
            "count": 38
        },
        "CarAgent.Environment.CumulativeReward.sum": {
            "value": 87.48400993365794,
            "min": 66.41477372776717,
            "max": 104.65939489006996,
            "count": 38
        },
        "CarAgent.Policy.ExtrinsicReward.mean": {
            "value": 9.720445548184216,
            "min": 4.743912409126226,
            "max": 10.465939489006995,
            "count": 38
        },
        "CarAgent.Policy.ExtrinsicReward.sum": {
            "value": 87.48400993365794,
            "min": 66.41477372776717,
            "max": 104.65939489006996,
            "count": 38
        },
        "CarAgent.Losses.PolicyLoss.mean": {
            "value": 0.02259359018644318,
            "min": 0.014915207385395963,
            "max": 0.0296594741443793,
            "count": 37
        },
        "CarAgent.Losses.PolicyLoss.sum": {
            "value": 0.02259359018644318,
            "min": 0.014915207385395963,
            "max": 0.0296594741443793,
            "count": 37
        },
        "CarAgent.Losses.ValueLoss.mean": {
            "value": 0.008161664909372727,
            "min": 0.004308963124640286,
            "max": 0.02144270222634077,
            "count": 37
        },
        "CarAgent.Losses.ValueLoss.sum": {
            "value": 0.008161664909372727,
            "min": 0.004308963124640286,
            "max": 0.02144270222634077,
            "count": 37
        },
        "CarAgent.Policy.LearningRate.mean": {
            "value": 6.720241759921996e-05,
            "min": 6.720241759921996e-05,
            "max": 8.938435020523995e-05,
            "count": 37
        },
        "CarAgent.Policy.LearningRate.sum": {
            "value": 6.720241759921996e-05,
            "min": 6.720241759921996e-05,
            "max": 8.938435020523995e-05,
            "count": 37
        },
        "CarAgent.Policy.Epsilon.mean": {
            "value": 0.12240078,
            "min": 0.12240078,
            "max": 0.12979476000000006,
            "count": 37
        },
        "CarAgent.Policy.Epsilon.sum": {
            "value": 0.12240078,
            "min": 0.12240078,
            "max": 0.12979476000000006,
            "count": 37
        },
        "CarAgent.Policy.Beta.mean": {
            "value": 0.0011277989220000002,
            "min": 0.0011277989220000002,
            "max": 0.0014967585239999994,
            "count": 37
        },
        "CarAgent.Policy.Beta.sum": {
            "value": 0.0011277989220000002,
            "min": 0.0011277989220000002,
            "max": 0.0014967585239999994,
            "count": 37
        }
    },
    "metadata": {
        "timer_format_version": "0.1.0",
        "start_time_seconds": "1745320181",
        "python_version": "3.10.12 | packaged by Anaconda, Inc. | (main, Jul  5 2023, 19:01:18) [MSC v.1916 64 bit (AMD64)]",
        "command_line_arguments": "C:\\Users\\Uday Patel\\miniconda3\\envs\\mlagents\\Scripts\\mlagents-learn CarConfigs\\car_config.yaml --run-id=test10 --resume",
        "mlagents_version": "1.1.0",
        "mlagents_envs_version": "1.1.0",
        "communication_protocol_version": "1.5.0",
        "pytorch_version": "2.2.2+cpu",
        "numpy_version": "1.23.5",
        "end_time_seconds": "1745321977"
    },
    "total": 1795.4272458999985,
    "count": 1,
    "self": 0.012171899999884772,
    "children": {
        "run_training.setup": {
            "total": 0.10327069999948435,
            "count": 1,
            "self": 0.10327069999948435
        },
        "TrainerController.start_learning": {
            "total": 1795.3118032999992,
            "count": 1,
            "self": 5.622144600903994,
            "children": {
                "TrainerController._reset_env": {
                    "total": 9.274614899999506,
                    "count": 1,
                    "self": 9.274614899999506
                },
                "TrainerController.advance": {
                    "total": 1780.3309972990955,
                    "count": 387101,
                    "self": 5.490659598432103,
                    "children": {
                        "env_step": {
                            "total": 1651.824713800317,
                            "count": 387101,
                            "self": 1255.4274670007162,
                            "children": {
                                "SubprocessEnvManager._take_step": {
                                    "total": 392.4839656999284,
                                    "count": 387101,
                                    "self": 14.393660300753254,
                                    "children": {
                                        "TorchPolicy.evaluate": {
                                            "total": 378.0903053991751,
                                            "count": 387101,
                                            "self": 378.0903053991751
                                        }
                                    }
                                },
                                "workers": {
                                    "total": 3.913281099672531,
                                    "count": 387100,
                                    "self": 0.0,
                                    "children": {
                                        "worker_root": {
                                            "total": 1772.7705096995505,
                                            "count": 387100,
                                            "is_parallel": true,
                                            "self": 765.3780370995319,
                                            "children": {
                                                "steps_from_proto": {
                                                    "total": 0.010424700001749443,
                                                    "count": 1,
                                                    "is_parallel": true,