{
    "name": "root",
    "gauges": {
        "CarAgent.Policy.Entropy.mean": {
            "value": 1.3666337728500366,
            "min": 1.3666337728500366,
            "max": 1.3803366422653198,
            "count": 40
        },
        "CarAgent.Policy.Entropy.sum": {
            "value": 13666.337890625,
            "min": 3003.90185546875,
            "max": 13890.689453125,
            "count": 40
        },
        "CarAgent.Step.mean": {
            "value": 1529959.0,
            "min": 1139986.0,
            "max": 1529959.0,
            "count": 40
        },
        "CarAgent.Step.sum": {
            "value": 1529959.0,
            "min": 1139986.0,
            "max": 1529959.0,
            "count": 40
        },
        "CarAgent.Policy.ExtrinsicValueEstimate.mean": {
            "value": 4.94672155380249,
            "min": 4.821115016937256,
            "max": 7.723763942718506,
            "count": 40
        },
        "CarAgent.Policy.ExtrinsicValueEstimate.sum": {
            "value": 801.368896484375,
            "min": 266.2739562988281,
            "max": 1282.144775390625,
            "count": 40
        },
        "CarAgent.Environment.EpisodeLength.mean": {
            "value": 718.7142857142857,
            "min": 417.875,
            "max": 741.9285714285714,
            "count": 40
        },
        "CarAgent.Environment.EpisodeLength.sum": {
            "value": 10062.0,
            "min": 1764.0,
            "max": 10975.0,
            "count": 40
        },
        "CarAgent.Environment.CumulativeReward.mean": {
            "value": 41.48339698782989,
            "min": 21.53055948888262,
            "max": 41.48339698782989,
            "count": 40
        },
        "CarAgent.Environment.CumulativeReward.sum": {
            "value": 580.7675578296185,
            "min": 94.63954564929008,
            "max": 580.7675578296185,
            "count": 40
        },
        "CarAgent.Policy.ExtrinsicReward.mean": {
            "value": 41.48339698782989,
            "min": 21.53055948888262,
            "max": 41.48339698782989,
            "count": 40
        },
        "CarAgent.Policy.ExtrinsicReward.sum": {
            "value": 580.7675578296185,
            "min": 94.63954564929008,
            "max": 580.7675578296185,
            "count": 40
        },
        "CarAgent.IsTraining.mean": {
            "value": 1.0,
            "min": 1.0,
            "max": 1.0,
            "count": 40
        },
        "CarAgent.IsTraining.sum": {
            "value": 1.0,
            "min": 1.0,
            "max": 1.0,
            "count": 40
        },
        "CarAgent.Losses.PolicyLoss.mean": {
            "value": 0.02158098399328689,
            "min": 0.016902297898195685,
            "max": 0.03329431542661041,
            "count": 38
        },
        "CarAgent.Losses.PolicyLoss.sum": {
            "value": 0.02158098399328689,
            "min": 0.016902297898195685,
            "max": 0.03329431542661041,
            "count": 38
        },
        "CarAgent.Losses.ValueLoss.mean": {
            "value": 0.0766562793403864,
            "min": 0.05684032440185547,
            "max": 2.827193593978882,
            "count": 38
        },
        "CarAgent.Losses.ValueLoss.sum": {
            "value": 0.0766562793403864,
            "min": 0.05684032440185547,
            "max": 2.827193593978882,
            "count": 38
        },
        "CarAgent.Policy.LearningRate.mean": {
            "value": 0.00018537498820834995,
            "min": 0.00018537498820834995,
            "max": 0.0002138857787047499,
            "count": 38
        },
        "CarAgent.Policy.LearningRate.sum": {
            "value": 0.00018537498820834995,
            "min": 0.00018537498820834995,
            "max": 0.0002138857787047499,
            "count": 38
        },
        "CarAgent.Policy.Epsilon.mean": {
            "value": 0.16179164999999995,
            "min": 0.16179164999999995,
            "max": 0.17129525,
            "count": 38
        },
        "CarAgent.Policy.Epsilon.sum": {
            "value": 0.16179164999999995,
            "min": 0.16179164999999995,
            "max": 0.17129525,
            "count": 38
        },
        "CarAgent.Policy.Beta.mean": {
            "value": 0.0030934033349999993,
            "min": 0.0030934033349999993,
            "max": 0.003567632975,
            "count": 38
        },
        "CarAgent.Policy.Beta.sum": {
            "value": 0.0030934033349999993,
            "min": 0.0030934033349999993,
            "max": 0.003567632975,
            "count": 38
        }
    },
    "metadata": {
        "timer_format_version": "0.1.0",
        "start_time_seconds": "1745580973",
        "python_version": "3.10.12 | packaged by Anaconda, Inc. | (main, Jul  5 2023, 19:01:18) [MSC v.1916 64 bit (AMD64)]",
        "command_line_arguments": "C:\\Users\\Uday Patel\\miniconda3\\envs\\mlagents\\Scripts\\mlagents-learn CarConfigs\\car_config.yaml --run-id=test35 --resume",
        "mlagents_version": "1.1.0",
        "mlagents_envs_version": "1.1.0",
        "communication_protocol_version": "1.5.0",
        "pytorch_version": "2.2.2+cpu",
        "numpy_version": "1.23.5",
        "end_time_seconds": "1745582193"
    },
    "total": 1219.8756627000112,
    "count": 1,
    "self": 0.007670500024687499,
    "children": {
        "run_training.setup": {
            "total": 0.1051582999934908,
            "count": 1,
            "self": 0.1051582999934908
        },
        "TrainerController.start_learning": {
            "total": 1219.762833899993,
            "count": 1,
            "self": 3.6284519050677773,
            "children": {
                "TrainerController._reset_env": {
                    "total": 10.508510000014212,
                    "count": 1,
                    "self": 10.508510000014212
                },
                "TrainerController.advance": {
                    "total": 1205.5470963949047,
                    "count": 196551,
                    "self": 3.3997442951076664,
                    "children": {
                        "env_step": {
                            "total": 1065.4313628006203,
                            "count": 196551,
                            "self": 812.4337137952098,
                            "children": {
                                "SubprocessEnvManager._take_step": {
                                    "total": 250.37658529920736,
                                    "count": 196551,
                                    "self": 9.061410097579937,
                                    "children": {
                                        "TorchPolicy.evaluate": {
                                            "total": 241.31517520162743,
                                            "count": 196551,
                                            "self": 241.31517520162743
                                        }
                                    }
                                },
                                "workers": {
                                    "total": 2.621063706203131,
                                    "count": 196550,
                                    "self": 0.0,
                                    "children": {
                                        "worker_root": {
                                            "total": 1144.1395623038698,
                                            "count": 196550,
                                            "is_parallel": true,
                                            "self": 563.7607951975369,
                                            "children": {
                                                "steps_from_proto": {
                                                    "total": 0.00041089998558163643,
                                                    "count": 1,
                                                    "is_parallel": true,